date,cases_jp,deaths_jp,cases_ch,deaths_ch,cases_tr,deaths_tr,cases_uk,deaths_uk,cases_fr,deaths_fr,cases_it,deaths_it,cases_us,deaths_us,cases_de,deaths_de,cases_sk,deaths_sk,cases_ir,deaths_ir,cases_es,deaths_es,cases_ny,deaths_ny,cases_be,deaths_be,cases_nl,deaths_nl,cases_ca,deaths_ca,cases_se,deaths_se,cases_by,deaths_by,cases_sg,deaths_sg,cases_ma,deaths_ma,cases_nh,deaths_nh,cases_ga,deaths_ga,cases_cn,deaths_cn,cases_ru,deaths_ru,cases_br,deaths_br,cases_pt,deaths_pt,cases_in,deaths_in,cases_pl,deaths_pl,cases_ie,deaths_ie,cases_at,deaths_at,cases_il,deaths_il,cases_ro,deaths_ro,cases_hk,deaths_hk,cases_tw,deaths_tw
2020-01-10,0,0,0,0,0,0,0,0,0,0,0,0,0,0,0,0,0,0,0,0,0,0,0,0,0,0,0,0,0,0,0,0,0,0,0,0,0,0,0,0,0,0,41,0,0,0,0,0,0,0,0,0,0,0,0,0,0,0,0,0,0,0,0,0,0,0
2020-01-11,0,0,0,0,0,0,0,0,0,0,0,0,0,0,0,0,0,0,0,0,0,0,0,0,0,0,0,0,0,0,0,0,0,0,0,0,0,0,0,0,0,0,45,0,0,0,0,0,0,0,0,0,0,0,0,0,0,0,0,0,0,0,0,0,0,0
2020-01-12,0,0,0,0,0,0,0,0,0,0,0,0,0,0,0,0,0,0,0,0,0,0,0,0,0,0,0,0,0,0,0,0,0,0,0,0,0,0,0,0,0,0,45,0,0,0,0,0,0,0,0,0,0,0,0,0,0,0,0,0,0,0,0,0,0,0
2020-01-13,0,0,0,0,0,0,0,0,0,0,0,0,0,0,0,0,0,0,0,0,0,0,0,0,0,0,0,0,0,0,0,0,0,0,0,0,0,0,0,0,0,0,45,0,0,0,0,0,0,0,0,0,0,0,0,0,0,0,0,0,0,0,0,0,0,0
2020-01-14,0,0,0,0,0,0,0,0,0,0,0,0,0,0,0,0,0,0,0,0,0,0,0,0,0,0,0,0,0,0,0,0,0,0,0,0,0,0,0,0,0,0,45,0,0,0,0,0,0,0,0,0,0,0,0,0,0,0,0,0,0,0,0,0,0,0
2020-01-15,0,0,0,0,0,0,0,0,0,0,0,0,0,0,0,0,0,0,0,0,0,0,0,0,0,0,0,0,0,0,0,0,0,0,0,0,0,0,0,0,0,0,45,0,0,0,0,0,0,0,0,0,0,0,0,0,0,0,0,0,0,0,0,0,0,0
2020-01-16,1,0,0,0,0,0,0,0,0,0,0,0,0,0,0,0,0,0,0,0,0,0,0,0,0,0,0,0,0,0,0,0,0,0,0,0,0,0,0,0,0,0,45,0,0,0,0,0,0,0,0,0,0,0,0,0,0,0,0,0,0,0,0,0,0,0
2020-01-17,1,0,0,0,0,0,0,0,0,0,0,0,0,0,0,0,0,0,0,0,0,0,0,0,0,0,0,0,0,0,0,0,0,0,0,0,0,0,0,0,0,0,62,0,0,0,0,0,0,0,0,0,0,0,0,0,0,0,0,0,0,0,0,0,0,0
2020-01-18,1,0,0,0,0,0,0,0,0,0,0,0,0,0,0,0,0,0,0,0,0,0,0,0,0,0,0,0,0,0,0,0,0,0,0,0,0,0,0,0,0,0,121,0,0,0,0,0,0,0,0,0,0,0,0,0,0,0,0,0,0,0,0,0,0,0
2020-01-19,1,0,0,0,0,0,0,0,0,0,0,0,0,0,0,0,0,0,0,0,0,0,0,0,0,0,0,0,0,0,0,0,0,0,0,0,0,0,0,0,0,0,198,0,0,0,0,0,0,0,0,0,0,0,0,0,0,0,0,0,0,0,0,0,0,0
2020-01-20,1,0,0,0,0,0,0,0,0,0,0,0,0,0,0,0,1,0,0,0,0,0,0,0,0,0,0,0,0,0,0,0,0,0,0,0,0,0,0,0,0,0,291,0,0,0,0,0,0,0,0,0,0,0,0,0,0,0,0,0,0,0,0,0,0,0
2020-01-21,1,0,0,0,0,0,0,0,0,0,0,0,1,0,0,0,1,0,0,0,0,0,0,0,0,0,0,0,0,0,0,0,0,0,0,0,0,0,0,0,0,0,440,0,0,0,0,0,0,0,0,0,0,0,0,0,0,0,0,0,0,0,0,0,1,0
2020-01-22,1,0,0,0,0,0,0,0,0,0,0,0,1,0,0,0,1,0,0,0,0,0,0,0,0,0,0,0,0,0,0,0,0,0,0,0,0,0,0,0,0,0,571,17,0,0,0,0,0,0,0,0,0,0,0,0,0,0,0,0,0,0,0,0,1,0
2020-01-23,1,0,0,0,0,0,0,0,0,0,0,0,1,0,0,0,1,0,0,0,0,0,0,0,0,0,0,0,0,0,0,0,0,0,1,0,0,0,0,0,0,0,830,25,0,0,0,0,0,0,0,0,0,0,0,0,0,0,0,0,0,0,2,0,1,0
2020-01-24,3,0,0,0,0,0,0,0,3,0,0,0,2,0,0,0,2,0,0,0,0,0,0,0,0,0,0,0,0,0,0,0,0,0,3,0,0,0,0,0,0,0,1287,41,0,0,0,0,0,0,0,0,0,0,0,0,0,0,0,0,0,0,2,0,3,0
2020-01-25,3,0,0,0,0,0,0,0,3,0,0,0,3,0,0,0,2,0,0,0,0,0,0,0,0,0,0,0,1,0,0,0,0,0,3,0,0,0,0,0,0,0,1975,56,0,0,0,0,0,0,0,0,0,0,0,0,0,0,0,0,0,0,5,0,3,0
2020-01-26,4,0,0,0,0,0,0,0,3,0,0,0,5,0,0,0,3,0,0,0,0,0,0,0,0,0,0,0,1,0,0,0,0,0,4,0,0,0,0,0,0,0,2744,80,0,0,0,0,0,0,0,0,0,0,0,0,0,0,0,0,0,0,8,0,4,0
2020-01-27,6,0,0,0,0,0,0,0,3,0,0,0,5,0,1,0,4,0,0,0,0,0,0,0,0,0,0,0,2,0,0,0,0,0,5,0,0,0,0,0,0,0,4515,106,0,0,0,0,0,0,0,0,0,0,0,0,0,0,0,0,0,0,8,0,5,0
2020-01-28,7,0,0,0,0,0,0,0,4,0,0,0,5,0,4,0,4,0,0,0,0,0,0,0,0,0,0,0,3,0,0,0,0,0,7,0,0,0,0,0,0,0,5974,132,0,0,0,0,0,0,0,0,0,0,0,0,0,0,0,0,0,0,8,0,8,0
2020-01-29,11,0,0,0,0,0,0,0,5,0,0,0,5,0,4,0,4,0,0,0,0,0,0,0,0,0,0,0,3,0,0,0,0,0,10,0,0,0,0,0,0,0,7711,170,0,0,0,0,0,0,0,0,0,0,0,0,0,0,0,0,0,0,10,0,8,0
2020-01-30,14,0,0,0,0,0,0,0,6,0,0,0,6,0,6,0,6,0,0,0,0,0,0,0,0,0,0,0,3,0,0,0,0,0,13,0,0,0,0,0,0,0,9692,213,0,0,0,0,0,0,1,0,0,0,0,0,0,0,0,0,0,0,12,0,9,0
2020-01-31,17,0,0,0,0,0,2,0,6,0,2,0,7,0,7,0,11,0,0,0,1,0,0,0,0,0,0,0,4,0,1,0,0,0,16,0,0,0,0,0,0,0,11791,259,2,0,0,0,0,0,1,0,0,0,0,0,0,0,0,0,0,0,13,0,10,0
2020-02-01,20,0,0,0,0,0,2,0,6,0,2,0,8,0,10,0,12,0,0,0,1,0,0,0,0,0,0,0,4,0,1,0,0,0,18,0,1,0,0,0,0,0,14380,304,2,0,0,0,0,0,1,0,0,0,0,0,0,0,0,0,0,0,14,0,10,0
2020-02-02,20,0,0,0,0,0,2,0,6,0,2,0,11,0,10,0,15,0,0,0,1,0,0,0,0,0,0,0,4,0,1,0,0,0,18,0,1,0,0,0,0,0,17205,361,2,0,0,0,0,0,2,0,0,0,0,0,0,0,0,0,0,0,15,0,10,0
2020-02-03,20,0,0,0,0,0,2,0,6,0,2,0,11,0,12,0,15,0,0,0,1,0,0,0,0,0,0,0,4,0,1,0,0,0,18,0,1,0,0,0,0,0,20440,425,2,0,0,0,0,0,3,0,0,0,0,0,0,0,0,0,0,0,15,0,10,0
2020-02-04,23,0,0,0,0,0,2,0,6,0,2,0,11,0,12,0,16,0,0,0,1,0,0,0,1,0,0,0,5,0,1,0,0,0,24,0,1,0,0,0,0,0,24324,490,2,0,0,0,0,0,3,0,0,0,0,0,0,0,0,0,0,0,18,1,11,0
2020-02-05,25,0,0,0,0,0,2,0,6,0,2,0,12,0,13,0,19,0,0,0,1,0,0,0,1,0,0,0,5,0,1,0,0,0,28,0,1,0,0,0,0,0,28018,563,2,0,0,0,0,0,3,0,0,0,0,0,0,0,0,0,0,0,21,1,11,0
2020-02-06,25,0,0,0,0,0,3,0,6,0,3,0,12,0,13,0,23,0,0,0,1,0,0,0,1,0,0,0,7,0,1,0,0,0,30,0,1,0,0,0,0,0,31161,636,2,0,0,0,0,0,3,0,0,0,0,0,0,0,0,0,0,0,24,1,16,0
2020-02-07,25,0,0,0,0,0,3,0,6,0,3,0,12,0,14,0,24,0,0,0,1,0,0,0,1,0,0,0,7,0,1,0,0,0,33,0,1,0,0,0,0,0,34546,722,2,0,0,0,0,0,3,0,0,0,0,0,0,0,0,0,0,0,26,1,16,0
2020-02-08,26,0,0,0,0,0,3,0,11,0,3,0,12,0,14,0,24,0,0,0,1,0,0,0,1,0,0,0,7,0,1,0,0,0,40,0,1,0,0,0,0,0,37198,811,2,0,0,0,0,0,3,0,0,0,0,0,0,0,0,0,0,0,26,1,17,0
2020-02-09,26,0,0,0,0,0,4,0,11,0,3,0,12,0,14,0,27,0,0,0,2,0,0,0,1,0,0,0,7,0,1,0,0,0,43,0,1,0,0,0,0,0,40171,908,2,0,0,0,0,0,3,0,0,0,0,0,0,0,0,0,0,0,36,1,18,0
2020-02-10,26,0,0,0,0,0,8,0,11,0,3,0,12,0,14,0,27,0,0,0,2,0,0,0,1,0,0,0,7,0,1,0,0,0,45,0,1,0,0,0,0,0,42638,1016,2,0,0,0,0,0,3,0,0,0,0,0,0,0,0,0,0,0,42,1,18,0
2020-02-11,26,0,0,0,0,0,8,0,11,0,3,0,12,0,16,0,28,0,0,0,2,0,0,0,1,0,0,0,7,0,1,0,0,0,47,0,1,0,0,0,0,0,44653,1113,2,0,0,0,0,0,3,0,0,0,0,0,0,0,0,0,0,0,49,1,18,0
2020-02-12,28,0,0,0,0,0,8,0,11,0,3,0,12,0,16,0,28,0,0,0,2,0,0,0,1,0,0,0,7,0,1,0,0,0,50,0,1,0,0,0,0,0,58761,1259,2,0,0,0,0,0,3,0,0,0,0,0,0,0,0,0,0,0,50,1,18,0
2020-02-13,33,1,0,0,0,0,9,0,11,0,3,0,12,0,16,0,28,0,0,0,3,1,0,0,1,0,0,0,7,0,1,0,0,0,58,0,1,0,0,0,0,0,63851,1380,2,0,0,0,0,0,3,0,0,0,0,0,0,0,0,0,0,0,53,1,18,0
2020-02-14,41,1,0,0,0,0,9,0,11,1,3,0,12,0,16,0,28,0,0,0,3,1,0,0,1,0,0,0,8,0,1,0,0,0,67,0,1,0,0,0,0,0,66492,1523,2,0,0,0,0,0,3,0,0,0,0,0,0,0,0,0,0,0,56,1,18,0
2020-02-15,53,1,0,0,0,0,9,0,12,1,3,0,12,0,16,0,28,0,0,0,3,1,0,0,1,0,0,0,8,0,1,0,0,0,72,0,1,0,0,0,0,0,68500,1665,2,0,0,0,0,0,3,0,0,0,0,0,0,0,0,0,0,0,56,1,18,0
2020-02-16,59,1,0,0,0,0,9,0,12,1,3,0,12,0,16,0,29,0,0,0,3,1,0,0,1,0,0,0,8,0,1,0,0,0,75,0,1,0,0,0,0,0,70548,1770,2,0,0,0,0,0,3,0,0,0,0,0,0,0,0,0,0,0,57,1,20,1
2020-02-17,65,1,0,0,0,0,9,0,12,1,3,0,12,0,16,0,30,0,0,0,3,1,0,0,1,0,0,0,8,0,1,0,0,0,77,0,1,0,0,0,0,0,72436,1868,2,0,0,0,0,0,3,0,0,0,0,0,0,0,0,0,0,0,60,1,22,1
2020-02-18,73,1,0,0,0,0,9,0,12,1,3,0,12,0,16,0,31,0,0,0,3,1,0,0,1,0,0,0,8,0,1,0,0,0,81,0,1,0,0,0,0,0,74185,2004,2,0,0,0,0,0,3,0,0,0,0,0,0,0,0,0,0,0,62,1,22,1
2020-02-19,85,1,0,0,0,0,9,0,12,1,3,0,12,0,16,0,51,0,2,2,3,1,0,0,1,0,0,0,8,0,1,0,0,0,84,0,1,0,0,0,0,0,74576,2118,2,0,0,0,0,0,3,0,0,0,0,0,0,0,0,0,0,0,65,2,24,1
2020-02-20,93,1,0,0,0,0,9,0,12,1,3,0,14,0,16,0,104,1,5,2,3,1,0,0,1,0,0,0,9,0,1,0,0,0,85,0,1,0,0,0,0,0,75465,2236,2,0,0,0,0,0,3,0,0,0,0,0,0,0,0,0,0,0,68,2,24,1
2020-02-21,105,1,0,0,0,0,9,0,12,1,20,1,14,0,16,0,204,2,18,4,3,1,0,0,1,0,0,0,9,0,1,0,0,0,86,0,1,0,0,0,0,0,76288,2345,2,0,0,0,0,0,3,0,0,0,0,0,0,0,2,0,0,0,68,2,26,1
2020-02-22,132,1,0,0,0,0,9,0,12,1,79,2,14,0,16,0,433,2,29,6,3,1,0,0,1,0,0,0,9,0,1,0,0,0,89,0,1,0,0,0,0,0,76936,2442,2,0,0,0,0,0,3,0,0,0,0,0,0,0,2,0,0,0,69,2,26,1
2020-02-23,144,1,0,0,0,0,9,0,12,1,150,3,14,0,16,0,602,4,43,8,3,1,0,0,1,0,0,0,10,0,1,0,0,0,89,0,1,0,0,0,0,0,77150,2592,2,0,0,0,0,0,3,0,0,0,0,0,0,0,2,0,0,0,74,2,28,1
2020-02-24,157,1,0,0,0,0,13,0,12,1,229,6,14,0,16,0,833,7,64,12,4,1,0,0,1,0,0,0,11,0,1,0,0,0,90,0,1,0,0,0,0,0,77658,2663,2,0,0,0,0,0,3,0,0,0,0,0,0,0,2,0,0,0,81,2,30,1
2020-02-25,164,1,1,0,0,0,13,0,14,1,322,10,14,0,18,0,977,10,95,16,10,1,0,0,1,0,0,0,11,0,1,0,0,0,91,0,1,0,0,0,0,0,78064,2715,2,0,1,0,0,0,3,0,0,0,0,0,2,0,2,0,0,0,85,2,31,1
2020-02-26,186,3,2,0,0,0,13,0,18,1,445,12,15,0,21,0,1261,12,139,19,14,1,0,0,1,0,0,0,12,0,2,0,0,0,93,0,1,0,0,0,0,0,78497,2744,2,0,1,0,0,0,3,0,0,0,0,0,2,0,3,0,1,0,91,2,32,1
2020-02-27,210,4,8,0,0,0,13,0,38,1,650,17,15,0,26,0,1766,13,245,26,26,1,0,0,1,0,1,0,14,0,3,0,0,0,96,0,1,0,0,0,0,0,78824,2788,2,0,1,0,0,0,3,0,0,0,0,0,3,0,5,0,1,0,93,2,32,1
2020-02-28,230,5,13,0,0,0,19,0,57,1,888,21,19,0,53,0,2337,13,388,34,34,1,0,0,1,0,2,0,16,0,11,0,1,0,98,0,1,0,0,0,0,0,79251,2835,2,0,1,0,0,0,3,0,0,0,0,0,4,0,7,0,3,0,94,2,34,1
2020-02-29,239,5,18,0,0,0,23,0,100,1,1128,29,24,1,66,0,3150,17,593,43,59,1,0,0,1,0,6,0,20,0,14,0,1,0,102,0,1,0,0,0,0,0,79824,2870,2,0,2,0,0,0,3,0,0,0,1,0,5,0,10,0,3,0,95,2,39,1
2020-03-01,254,6,22,0,0,0,35,0,130,2,1694,34,42,2,117,0,4212,22,978,54,85,1,1,0,2,0,9,0,24,0,14,0,1,0,106,0,1,0,0,0,0,0,80026,2912,2,0,2,0,0,0,3,0,0,0,1,0,10,0,12,0,3,0,98,2,40,1
2020-03-02,268,6,40,0,0,0,40,0,191,2,2036,52,57,6,150,0,4812,28,1501,66,121,1,1,0,8,0,19,0,27,0,19,0,1,0,108,0,2,0,1,0,2,0,80151,2943,3,0,2,0,2,0,5,0,0,0,1,0,10,0,12,0,3,0,100,2,41,1
2020-03-03,284,6,55,0,0,0,51,0,212,4,2502,79,85,9,188,0,5328,32,2363,77,166,2,2,0,13,0,24,0,33,0,32,0,4,0,110,0,2,0,2,0,2,0,80270,2981,3,0,2,0,4,0,6,0,0,0,2,0,18,0,15,0,4,0,100,2,42,1
2020-03-04,317,6,72,0,0,0,85,0,285,4,3089,107,111,11,240,0,5766,35,2922,92,228,2,11,0,23,0,38,0,34,0,61,0,10,0,112,0,2,0,2,0,2,0,80409,3012,3,0,4,0,6,0,28,0,1,0,6,0,29,0,16,0,6,0,104,2,42,1
2020-03-05,349,6,102,1,0,0,114,1,423,7,3858,148,175,11,349,0,6284,42,3513,108,282,3,22,0,50,0,82,0,48,0,86,0,10,0,117,0,3,0,2,0,2,0,80552,3042,4,0,8,0,9,0,30,0,1,0,13,0,41,0,20,0,6,0,104,2,44,1
2020-03-06,408,6,198,1,0,0,160,2,613,9,4636,197,252,14,534,0,6767,44,4747,124,401,8,44,0,109,0,128,1,54,0,146,0,10,0,130,0,8,0,2,0,3,0,80651,3070,10,0,14,0,13,0,31,0,5,0,18,0,55,0,22,0,9,0,107,2,45,1
2020-03-07,455,6,254,1,0,0,206,2,949,16,5883,233,353,19,684,0,7134,50,5823,145,525,10,76,0,169,0,188,1,60,0,179,0,10,0,138,0,13,0,2,0,8,0,80695,3097,14,0,19,0,21,0,34,0,6,0,19,0,79,0,37,0,13,0,109,2,45,1
2020-03-08,488,7,350,2,0,0,271,3,1126,21,7375,366,497,21,847,0,7382,51,6566,194,674,17,105,0,200,0,264,3,67,0,225,0,10,0,150,0,28,0,4,0,11,0,80735,3119,17,0,25,0,30,0,39,0,11,0,21,0,99,0,39,0,15,0,114,3,45,1
2020-03-09,514,9,369,2,0,0,321,5,1412,25,9172,463,645,26,1112,2,7513,54,7161,237,1231,30,142,0,239,0,321,4,79,1,326,0,10,0,160,0,41,0,4,0,15,0,80754,3136,20,0,30,0,39,0,44,0,17,0,24,0,131,0,59,0,17,0,115,3,45,1
2020-03-10,568,12,480,3,0,0,373,6,1784,33,10149,631,936,31,1460,2,7755,60,8042,291,1695,36,173,0,267,1,382,4,97,1,424,0,10,0,166,0,92,0,5,0,17,0,80778,3158,20,0,34,0,41,0,50,0,22,0,34,0,182,0,77,0,29,0,120,3,47,1
2020-03-11,620,15,640,4,1,0,456,8,2281,48,12462,827,1205,37,1884,3,7869,66,9000,354,2277,55,216,0,314,3,503,5,118,1,620,1,10,0,178,0,95,0,5,0,27,0,80793,3169,28,0,52,0,59,0,60,0,31,0,43,1,246,0,99,0,47,0,129,3,48,1
2020-03-12,675,19,858,7,1,0,590,8,2876,61,15113,1016,1598,41,2369,5,7979,67,10075,429,3146,86,325,0,399,3,614,5,159,1,771,1,21,0,187,0,108,0,6,0,33,0,80813,3176,43,0,76,0,78,0,74,1,51,1,70,1,361,1,130,0,59,0,131,3,49,1
2020-03-13,716,21,1139,11,5,0,797,10,3661,75,17660,1266,2163,49,3061,8,8086,72,11364,514,5232,133,421,0,559,3,804,10,198,1,923,2,27,0,200,0,123,0,6,0,64,1,80824,3189,45,0,98,0,112,0,81,2,68,2,90,1,504,1,164,0,95,0,137,3,50,1
2020-03-14,780,22,1359,13,6,0,1061,21,4499,91,21157,1441,2825,56,3795,8,8162,75,12729,611,6391,196,613,2,689,4,959,12,254,1,994,3,27,0,212,0,138,0,7,0,66,1,80844,3199,59,0,121,0,169,0,84,2,104,3,129,2,655,1,200,0,123,0,141,3,53,1
2020-03-15,814,24,2217,14,18,1,1391,35,5423,127,24747,1809,3501,62,4838,12,8236,75,13938,724,7988,294,729,3,886,4,1135,20,338,1,1063,5,27,0,226,0,164,0,13,0,99,1,80860,3213,63,0,200,0,245,0,110,2,125,3,169,2,860,1,253,0,139,0,148,3,59,1
2020-03-16,829,28,2353,19,47,1,1543,55,6633,148,27980,2158,4373,76,6012,12,8320,81,14991,853,9942,342,950,7,1058,5,1413,24,441,4,1146,7,36,0,243,0,197,0,17,0,121,1,80881,3226,93,0,234,0,331,1,114,2,177,4,223,2,1016,3,318,0,168,0,157,3,67,1
2020-03-17,873,29,2677,27,98,2,1950,71,7730,175,31506,2503,5662,97,7156,12,8413,84,16169,988,11826,533,1374,12,1243,5,1705,43,598,8,1265,8,36,0,266,0,218,0,26,0,146,1,80894,3237,114,0,291,1,448,1,137,3,238,5,292,2,1332,3,421,0,217,0,167,3,77,1
2020-03-18,914,31,3070,33,191,3,2626,103,9134,244,35713,2978,8074,123,8198,12,8565,91,17361,1135,14769,638,2382,16,1486,14,2051,58,728,9,1410,14,51,0,313,0,256,0,39,0,197,1,80928,3245,147,0,428,4,642,2,151,3,287,5,366,2,1646,4,524,0,260,0,192,3,100,1
2020-03-19,950,33,3888,43,359,4,3269,144,10995,372,41035,3405,12018,175,10999,20,8652,94,18407,1284,18077,833,4152,38,1795,21,2460,76,873,12,1553,21,51,0,345,0,328,0,44,0,287,10,80967,3248,199,0,621,7,785,3,173,4,355,5,557,3,2013,6,677,0,277,0,208,3,108,1
2020-03-20,1007,35,4840,56,670,9,3983,177,12612,450,47021,4032,17439,230,13957,31,8799,102,19644,1433,21571,1093,7102,46,2257,37,2994,106,1088,12,1733,31,69,0,385,0,413,1,55,0,420,13,81008,3255,253,0,964,11,1020,6,223,4,425,5,683,3,2388,6,838,1,308,0,256,3,135,2
2020-03-21,1054,36,6113,80,947,21,5018,233,14459,562,53578,4825,23710,298,16662,47,8897,104,20610,1556,25496,1381,10356,58,2815,67,3631,136,1331,19,1867,38,76,0,432,2,525,2,65,0,555,20,81054,3261,306,0,1178,18,1280,12,315,4,536,5,785,3,2814,8,943,1,367,0,274,3,153,2
2020-03-22,1086,41,7014,98,1236,30,5683,281,16018,674,59138,5476,32341,408,18610,55,8961,111,21638,1685,29909,1813,15168,76,3401,75,4204,179,1472,20,1984,50,76,0,455,2,646,5,78,0,620,25,81093,3270,367,0,1546,25,1600,14,360,7,634,7,906,4,3244,16,1207,1,433,3,317,3,169,2
2020-03-23,1128,42,8060,120,1529,37,6650,335,19856,860,63927,6077,42749,519,22672,86,9037,120,23049,1812,35480,2342,20875,157,3743,88,4749,213,2091,24,2166,61,81,0,509,2,777,9,101,1,800,26,81171,3277,438,0,1891,34,2060,23,468,9,749,8,1125,6,3924,21,1552,1,576,7,357,3,195,2
2020-03-24,1193,43,8836,122,1872,44,8077,422,22302,1100,69176,6820,52685,681,27436,114,9137,126,24811,1934,42058,2994,25665,271,4269,122,5560,276,2819,27,2396,81,81,0,558,2,1159,11,108,1,1097,38,81218,3281,495,0,2201,46,2362,33,519,10,900,10,1329,7,4876,28,2000,3,762,12,386,3,215,2
2020-03-25,1291,45,9765,153,2433,59,9529,578,25233,1331,74386,7503,64900,906,31554,149,9241,131,27077,2077,50105,3650,30811,285,4937,178,6412,356,3409,35,2710,106,86,0,631,2,1838,15,137,1,1387,47,81258,3287,658,0,2433,57,2995,43,606,10,1051,13,1564,9,5560,31,2463,5,906,17,410,3,235,2
2020-03-26,1387,46,10714,192,3629,75,11658,759,29155,1696,80539,8215,81795,1159,36508,198,9332,139,29406,2234,57786,4368,37258,385,6235,220,7431,434,4043,39,2996,135,86,0,683,2,2417,25,158,1,1643,56,81340,3292,840,2,2915,77,3544,60,694,16,1221,16,1819,19,6398,49,3011,8,1029,23,453,3,252,2
2020-03-27,1499,49,12161,231,5698,92,14543,1019,32964,1995,86498,9134,100390,1543,42288,253,9478,144,32332,2378,65719,5138,44635,519,7284,289,8603,546,4757,55,3362,167,94,0,732,2,3240,35,187,2,2198,65,81394,3295,1036,3,3417,92,4268,76,834,19,1389,16,2121,22,7399,58,3404,12,1292,26,518,3,267,2
2020-03-28,1693,52,13213,264,7402,108,17089,1228,37575,2314,92472,10023,121099,2038,48582,325,9583,152,35408,2517,73232,5982,52318,728,9134,353,9762,639,5655,61,3662,202,94,0,802,2,4257,44,214,2,2446,79,81439,3300,1264,4,3904,114,5170,100,918,19,1638,18,2415,36,7995,68,3824,12,1452,29,582,3,283,2
2020-03-29,1866,52,14336,300,9217,131,19522,1408,40174,2606,97689,10779,141701,2462,52547,389,9661,158,38309,2640,80110,6803,59513,965,10836,431,10866,771,6320,66,3943,240,94,0,844,3,4955,48,258,3,2683,83,81470,3300,1534,8,4256,136,5962,119,1024,27,1862,22,2615,46,8536,86,4316,12,1760,43,641,3,298,2
2020-03-30,1953,56,15475,359,10827,168,22141,1789,44550,3024,101739,11591,161783,2958,57298,455,9786,162,41495,2757,87956,7716,66497,1218,11899,513,11750,864,7448,89,4357,284,152,0,879,3,5752,56,314,3,3032,102,81518,3305,1836,9,4579,159,6408,140,1251,32,2055,31,2910,54,9377,108,4782,15,1952,65,682,3,306,5
2020-03-31,2178,57,16176,433,13531,214,25150,2352,52128,3523,105792,12428,186979,3743,61913,583,9887,165,44606,2898,95923,8464,75795,1550,12775,705,12595,1039,8591,101,4832,329,152,1,926,3,6620,89,367,3,4117,125,81554,3312,2337,17,5717,201,7443,160,1397,35,2311,33,3235,71,9974,128,5523,20,2245,80,714,3,322,5
2020-04-01,2384,57,17139,488,15679,277,29474,2921,56989,4032,110574,13155,212814,4746,67366,732,9976,169,47593,3036,104118,9387,83712,1941,13964,828,13614,1173,9731,111,5318,380,163,2,1000,3,7738,122,415,4,4748,154,81589,3318,2777,24,6836,240,8251,187,1834,41,2554,43,3447,85,10482,146,6186,21,2460,85,765,4,329,5
2020-04-02,2617,65,18267,536,18135,356,33718,3605,59105,5387,115242,13915,241626,5821,73522,872,10062,174,50468,3160,112065,10348,92381,2373,15348,1011,14697,1339,11285,138,5873,447,304,4,1049,4,8966,154,479,5,5444,176,81620,3322,3548,30,7910,299,9034,209,2069,53,2946,57,3849,98,10967,158,6901,29,2738,94,802,4,339,5
2020-04-03,2920,69,19303,591,20921,425,38168,4313,64338,6507,119827,14681,273808,7007,79696,1017,10156,177,53183,3294,117710,10935,102863,2935,16770,1143,15723,1487,12549,187,6476,526,351,4,1114,5,10402,192,540,7,5967,198,81639,3326,4149,34,9056,359,9886,246,2547,62,3383,71,4273,120,11383,168,7533,36,3183,116,846,4,348,5
2020-04-04,3271,70,20278,666,23934,501,41892,4932,68605,7560,124632,15362,307036,8352,85778,1158,10237,183,55743,3452,126168,11947,113704,3565,18431,1283,16627,1651,14018,233,6833,594,440,5,1189,6,11736,216,621,9,6383,208,81669,3329,4731,43,10278,431,10524,266,3072,75,3627,79,4604,137,11665,186,7989,42,3613,141,863,4,355,5
2020-04-05,3654,73,21100,715,27069,574,47806,5373,70478,8078,128948,15887,333593,9534,91714,1342,10284,186,58226,3603,131646,13055,122031,4159,19691,1447,17851,1766,15513,280,7174,675,562,8,1309,6,12500,231,669,9,6742,219,81708,3331,5389,45,11130,486,11278,295,3577,83,4102,94,4994,158,11907,204,8618,46,3864,148,891,4,363,5
2020-04-06,3906,80,21657,765,30217,725,51608,6227,74390,8911,132547,16523,362955,10748,95391,1434,10331,192,60500,3739,136675,13341,130689,4758,20814,1632,18803,1867,16667,323,7564,765,700,13,1375,6,13837,260,715,9,7558,294,81740,3331,6343,47,12056,553,11730,311,4281,111,4413,107,5364,174,12206,220,8970,51,4057,157,915,4,373,5
2020-04-07,4257,81,22253,821,34109,725,55242,7097,78167,10328,135586,17127,393602,12675,99225,1607,10384,200,62589,3873,141942,14045,138836,5489,22194,2035,19580,2101,17897,381,8302,843,861,13,1481,6,15202,356,747,13,9156,348,81802,3333,7497,58,13717,667,12442,345,4789,124,4848,129,5709,210,12519,243,9313,59,4417,182,936,4,376,5
2020-04-08,4667,85,23248,893,38226,812,60733,7978,82048,10869,139422,17669,425746,14610,103228,1861,10423,204,64586,3993,148220,14792,149316,6268,23403,2240,20549,2248,19291,435,8958,945,1066,13,1623,6,16790,433,788,18,10204,370,81865,3335,8672,63,15927,800,13141,380,5274,149,5205,158,6074,235,12852,273,9749,71,4761,209,961,4,379,5
2020-04-09,5347,88,24046,948,42282,908,65077,8958,86334,12210,143626,18279,459989,16466,108202,2107,10450,208,66220,4110,153222,15447,159937,7067,24983,2523,21762,2396,20765,509,9602,1021,1486,16,1910,6,18941,503,819,21,10885,412,81907,3336,10131,76,17857,941,13956,409,5865,169,5575,174,6574,263,13138,295,10067,79,5202,229,974,4,380,5
2020-04-10,5530,94,24551,1002,47029,1006,70272,9875,90676,13197,147577,18849,493567,18544,113525,2373,10480,211,68192,4232,158273,16081,170512,7844,26667,3019,23097,2511,22148,569,10057,1096,1981,19,2108,7,20974,599,885,22,11859,425,81953,3339,11917,94,19638,1056,15472,435,6761,206,5955,181,8089,288,13492,319,10441,92,5467,257,990,4,382,6
2020-04-11,6748,98,25107,1036,52167,1101,78991,10612,93790,13832,152271,19468,525436,20453,117658,2544,10512,214,70029,4357,163027,16606,180458,8627,28018,3346,24413,2643,23318,653,10451,1170,2226,23,2299,8,22860,686,929,23,12261,432,82052,3339,13584,106,20727,1124,15987,470,7529,242,6356,208,8928,320,13776,337,10825,96,5990,282,1001,4,385,6
2020-04-12,7255,102,25415,1106,56956,1198,84279,11329,95403,14393,156363,19899,553493,21936,120479,2673,10537,217,71686,4474,166831,17209,188694,9385,29647,3600,25587,2737,24384,717,10914,1249,2578,26,2532,8,25475,756,985,23,12547,442,82160,3341,15770,130,22169,1223,16585,504,8447,273,6674,232,9655,334,13894,350,11223,103,6300,306,1005,4,388,6
2020-04-13,7645,109,25688,1138,61049,1296,88621,12107,98076,14967,159516,20465,578178,23398,123016,2799,10564,222,73303,4585,170099,17756,195031,10056,30589,3903,26551,2823,25680,780,11351,1312,2919,29,2918,9,26867,844,1020,23,13621,480,82249,3341,18328,148,23430,1328,16934,535,9352,324,6934,245,10647,365,13999,368,11809,110,6633,318,1010,4,393,6
2020-04-14,8100,119,25936,1174,65111,1403,93873,12868,103573,15729,162488,21067,603505,25708,125098,2969,10591,225,74877,4683,174060,18255,202208,10834,31119,4157,27419,2945,27063,903,11831,1372,3281,33,3252,10,28163,957,1091,27,14578,524,82295,3342,21102,170,25262,1532,17448,567,10815,353,7202,263,11479,406,14159,384,12159,117,6879,332,1013,4,393,6
2020-04-15,8582,136,26336,1239,69392,1518,98476,13729,106206,17167,165155,21645,633630,28214,127584,3254,10613,229,76389,4777,180659,18812,213779,11586,33573,4440,28153,3134,28379,1010,12435,1429,3728,36,3699,10,29918,1108,1139,32,15260,576,82341,3342,24490,198,28320,1736,18091,599,11933,392,7582,286,12547,444,14321,393,12526,126,7216,362,1017,4,395,6
2020-04-16,9167,148,26732,1281,74193,1643,103093,14576,108847,17920,168941,22170,665706,30355,130450,3569,10635,230,77995,4869,184948,19315,222284,12192,34809,4857,29214,3315,30106,1195,13058,1492,4204,40,4427,10,32181,1245,1211,34,16368,617,82692,3342,27938,232,30425,1924,18841,629,12759,420,7918,314,13271,486,14451,410,12802,140,7707,387,1018,4,395,6
2020-04-17,9785,154,27078,1327,78546,1769,108692,15464,109252,18681,172434,22745,696621,32435,133830,3868,10653,232,79494,4958,190839,20002,229642,12822,36138,5163,30449,3459,31884,1309,13746,1522,4779,42,5050,11,34402,1404,1287,37,17432,668,82719,4632,32008,273,34221,2171,19022,657,13835,452,8379,332,13980,530,14553,431,13073,148,8067,400,1022,4,395,6
2020-04-18,10361,161,27404,1366,82329,1890,114217,16060,111821,19323,175925,23227,724895,34178,137439,4110,10661,234,80868,5031,194416,20639,236732,13362,37183,5453,31589,3601,33383,1470,14276,1541,5297,45,5992,11,36372,1560,1342,38,17841,677,82735,4632,36793,313,36599,2347,19685,687,14792,488,8742,347,14758,571,14637,443,13265,158,8418,417,1024,4,398,6
2020-04-19,10751,171,27740,1393,86306,2017,120067,16509,112606,19718,178972,23660,751218,35809,139897,4294,10674,236,82211,5118,198674,21238,242786,13869,38496,5683,32655,3684,34813,1583,14665,1558,5807,47,6588,11,38077,1706,1392,41,18157,681,82747,4632,42853,361,38654,2462,20206,714,16116,519,9287,360,15251,610,14696,452,13491,171,8746,434,1026,4,420,6
2020-04-20,11118,186,27944,1427,90980,2140,124743,17337,114657,20265,181228,24114,775663,37429,141672,4404,10683,237,83505,5209,200210,20852,247512,14357,39983,5828,33405,3751,36831,1690,14777,1580,6264,51,8014,11,39643,1809,1447,42,19399,775,82758,4632,47121,405,40581,2575,20863,735,17656,559,9593,380,15652,687,14755,470,13713,173,8936,451,1026,4,422,6
2020-04-21,11496,277,28063,1478,95591,2259,129044,18100,117324,20796,183957,24648,801115,40040,143457,4598,10694,238,84802,5297,204178,21282,251690,14828,40956,5998,34134,3916,38422,1834,15322,1765,6723,55,9125,11,41199,1961,1491,42,20166,818,82788,4632,52763,456,43079,2741,21379,762,18985,603,9856,401,16040,730,14810,491,13942,181,9242,482,1030,4,425,6
2020-04-22,11919,287,28268,1509,98674,2376,133495,18738,119151,21340,187327,25085,831458,42209,145694,4879,10702,240,85996,5391,208389,21717,257216,15302,41889,6262,34842,4054,40190,1974,16553,2003,7281,58,10141,12,42944,2182,1588,48,21102,846,82798,4632,57999,513,45757,2906,21982,785,20471,652,10169,426,16671,769,14889,510,14498,187,9710,508,1034,4,426,6
2020-04-23,12388,317,28496,1549,101790,2491,138078,19506,120804,21856,189973,25549,862514,44198,148046,5094,10708,240,87026,5481,213024,22157,263460,15740,42797,6490,35729,4177,42110,2147,17273,2129,8022,60,11178,12,46023,2360,1670,51,21883,881,82804,4632,62773,555,49492,3313,22353,820,21700,686,10511,454,17607,794,14963,522,14803,191,10096,527,1036,4,427,6
2020-04-24,12829,334,28677,1589,104912,2600,143464,20319,122577,22245,192994,25969,898743,46101,150383,5321,10718,240,88194,5574,219764,22524,271590,16162,44293,6679,36535,4289,43888,2302,18072,2172,8773,63,12075,12,50969,2556,1720,53,22491,899,82816,4632,68622,615,52995,3670,22797,854,23452,723,10892,494,18184,1014,15038,530,15058,193,10417,552,1036,4,428,6
2020-04-25,13182,348,29061,1599,110130,2805,148377,20319,124114,22614,195351,26384,934219,47930,152438,5500,10728,242,89328,5650,223759,22902,282143,16599,45325,6917,37190,4409,45354,2465,18549,2174,9590,67,12693,12,53348,2730,1787,60,23216,907,82827,4632,74588,681,58509,4016,23392,880,24942,779,11273,524,18561,1063,15117,536,15298,198,10635,575,1037,4,429,6
2020-04-26,13385,351,29061,1607,110130,2805,152840,21092,124575,22856,197675,26644,961186,49113,154175,5640,10738,243,90481,5710,226629,23190,288045,16966,46134,7094,37845,4475,46895,2560,18804,2251,10463,72,13624,12,54938,2899,1864,60,23481,916,82830,4633,80949,747,61888,4205,23864,903,26917,826,11617,535,19262,1087,15175,542,15466,199,11036,619,1037,4,429,6
2020-04-27,13576,376,29164,1665,112261,2900,157149,21678,125770,23293,199414,26977,983063,50352,155193,5750,10752,244,91472,5806,229422,23521,291996,17303,46687,7207,38245,4518,48500,2707,19390,2335,11289,75,14423,14,56462,3003,1938,60,24349,1000,82836,4633,87147,794,66501,4543,24027,928,28380,886,11902,562,19648,1102,15239,549,15555,204,11339,631,1037,4,429,6
2020-04-28,13852,389,29264,1699,114653,2992,161145,26097,126835,23660,201505,27359,1004008,52179,156337,5913,10761,246,92584,5877,232128,23822,295106,17638,47334,7331,38416,4566,50026,2859,20133,2445,12208,79,14951,14,58302,3153,1938,60,24844,1036,82858,4633,93558,867,71886,5017,24322,948,29974,937,12218,596,19877,1159,15286,569,15728,210,11616,650,1038,4,429,6
2020-04-29,14088,415,29586,1716,117589,3081,165221,26771,128442,24087,203591,27682,1039913,54938,157641,6115,10765,247,93657,5957,236899,24275,299691,18015,47859,7501,38802,4711,51597,2996,20906,2567,13181,84,15641,14,60265,3405,2054,66,25623,1096,82862,4633,99399,972,78162,5466,24505,973,31787,1008,12640,624,20253,1190,15353,580,15834,215,11978,675,1038,4,429,6
2020-04-30,14281,432,29586,1737,120204,3174,171253,27510,129581,24376,205463,27967,1062844,57150,159119,6288,10774,248,94640,6028,239340,24543,304372,18321,48519,7594,39316,4795,53236,3184,21456,2643,14027,89,16169,15,62205,3562,2146,72,26260,1132,82874,4633,106498,1073,85380,5901,25045,989,33610,1075,12877,644,20612,1232,15424,584,15946,222,12240,695,1038,4,429,6
2020-05-01,14544,458,29705,1754,122392,3258,177454,28131,130185,24594,207428,28236,1095223,58943,160758,6481,10780,250,96448,6156,242988,24824,308314,18610,49032,7703,39791,4893,54784,3387,21520,2653,14917,93,17101,16,64311,3716,2310,81,27492,1165,82875,4633,114431,1165,91589,6329,25351,1007,35365,1152,13105,651,20833,1265,15470,589,16101,225,12567,726,1040,4,429,6
